country,city,region_url,city_url
india,Pune,grand-est,punerot_1543607_noindex
india,Pune,canarias,puerto-de-la-cruz
india,Pune,andalucia,el-puerto-de-santa-maria
india,Surat,cchanghwad-suraasdrthaanii,restaurants
india,Kanpur,noord-holland,purmerend
china,Shanghai,shanghai-municipality,restaurants
china,Beijing,beijing-municipality,restaurants
china,Guangzhou,guangdong,guangzhou_1026985_noindex
china,Shenzhen,yan-dong-,shenzhen_1030672_noindex
china,Dongguan,yan-dong-,dongguan_1026496_noindex
china,Chongqing,region,zhong-qing-nan-lu-shu-dian-jie-_3104992_noindex
china,Chengdu,chengdu-municipality,restaurants
china,Nanjing,region,nan-jing-_2852105_noindex
united-states,New York City,new-york-state,new-york
united-states,New York City,new-york,manhattan_2927474_noindex
united-states,Los Angeles,california,us-los-angeles
united-states,Los Angeles,california,west-hollywood
united-states,Los Angeles,zuid-holland,den-haag
united-states,Los Angeles,california,santa-monica
united-states,Los Angeles,nordrhein-westfalen,dusseldorf
united-states,Chicago,illinois,chicago
united-states,Chicago,illinois,chicago-lawn_2889411_noindex
united-states,Brooklyn,new-york,brooklyn_2927472_noindex
united-states,Houston,texas,houston_2986624
united-states,Houston,texas,south-houston_2959900_noindex
united-states,Queens,new-york,queens_2927492_noindex
united-states,Queens,fife,north-queensferry
united-states,Manhattan,new-york,manhattan_2927474_noindex
united-states,Manhattan,california,manhattan-beach
united-states,San Antonio,texas,san-antonio_2958156_noindex
pakistan,Lahore,nouvelle-aquitaine,lahore_3240239_noindex
nigeria,Lagos,faro-region,pt-lagos
nigeria,Lagos,umbria,castiglione-del-lago
nigeria,Kaduna,kaunas-region,restaurants
nigeria,Port Harcourt,bretagne,le-pont-harcouet_3905330_noindex
nigeria,Aba,borsod-abauj-zemplen,restaurants
nigeria,Jos,california,san-jose
nigeria,Jos,islas-baleares,sant-josep-de-sa-talaia
brazil,Sao Paulo,sao-paulo-region,restaurants
brazil,Rio de Janeiro,rio-de-janeiro-region,restaurants
brazil,Brasilia,selection,brazil
brazil,Brasilia,sao-paulo-region,restaurants
bangladesh,Comilla,cantabria,comillas_1394448_noindex
bangladesh,Shibganj,region,shi-gang-qu-_2857991_noindex
bangladesh,Natore,region,glengarriff-woods-nature-reserve_1919678_noindex
bangladesh,Rangpur,bretagne,rangourlay_3512423_noindex
russia,Saint Petersburg,florida,saint-petersburg_2883233_noindex
russia,Samara,lombardia,samarate_1809166_noindex
ethiopia,Mek'ele,mecklenburg-vorpommern,rostock
ethiopia,Mek'ele,mecklenburg-vorpommern,schwerin
ethiopia,Mek'ele,mecklenburg-vorpommern,wismar
ethiopia,Nazret,vlaams-gewest,nazareth_1065226_noindex
ethiopia,Gondar,portugal-continental,gondar_2420080_noindex
ethiopia,Dese,provence-alpes-cote-dazur,marseille
ethiopia,Dese,provence-alpes-cote-dazur,aix-en-provence
ethiopia,Dese,lombardia,desenzano-del-garda
ethiopia,Dese,california,palm-desert_2876695_noindex
ethiopia,Bishoftu,england,bishopthorpe_1739818_noindex
ethiopia,Bishoftu,darlington,bishopton_1739819
mexico,Mexico City,ciudad-de-mexico,ciudad-de-mexico_1994794_noindex
mexico,Mexico City,ciudad-de-mexico,tlalpan_2003036
mexico,Mexico City,ciudad-de-mexico,alvaro-obregon_2003790
mexico,Mexico City,ciudad-de-mexico,coyoacan_1995033
mexico,Iztapalapa,ciudad-de-mexico,iztapalapa_1997136_noindex
mexico,Ecatepec de Morelos,mexico,ecatepec-de-morelos_1995380_noindex
mexico,Guadalajara,castilla-la-mancha,siguenza
mexico,Guadalajara,castilla-la-mancha,guadalajara_1443969_noindex
mexico,Juarez,mexico,naucalpan-de-juarez_1999463_noindex
mexico,Juarez,ciudad-de-mexico,benito-juarez_1994163
mexico,Juarez,oaxaca,oaxaca-de-juarez_2056768
mexico,Tijuana,baja-california,tijuana_2061688
mexico,Tijuana,baja-california,club-campestre-de-tijuana_2059301_noindex
mexico,Leon de los Aldama,castilla-y-leon,aldeamayor-de-san-martin_1431226_noindex
mexico,Gustavo Adolfo Madero,ciudad-de-mexico,gustavo-a.-madero_1996789_noindex
japan,Tokyo,tokyo-region,restaurants
japan,Yokohama,region,yokohama_1032491_noindex
japan,Osaka,osaka-region,restaurants
japan,Nagoya,veszprem,nagyacsad_1789831_noindex
japan,Kobe,capital-region,copenhagen
japan,Kobe,region,kobe_4108565_noindex
japan,Kobe,rheinland-pfalz,kobern-gondorf
japan,Kyoto,kyoto-region,restaurants
japan,Kawasaki,region,kawasaki_1028272_noindex
japan,Saitama,region,saitama_1030395_noindex
egypt,Alexandria,piemonte,alessandria
philippines,Manila,selection,china-mainland
philippines,Manila,shanghai-municipality,restaurants
philippines,Manila,guangdong-province,restaurants
philippines,Budta,central-hungary,budapest
philippines,Budta,pest,budaors
dr-congo,Masina,veneto,masina_1817325_noindex
dr-congo,Beni,comunidad-valenciana,benicarlo
dr-congo,Beni,comunidad-valenciana,benissa
dr-congo,Beni,comunidad-valenciana,benifaio
vietnam,Ho Chi Minh City,ho-chi-minh,ho-chi-minh_2978179
vietnam,Ho Chi Minh City,ho-chi-minh,binh-tan_2977794_noindex
vietnam,Hanoi,ha-noi,restaurants
vietnam,Da Nang,da-nang-region,restaurants
vietnam,Bien Hoa,dong-nai,bien-hoa_2977662_noindex
vietnam,Hue,andalucia,huelva
vietnam,Hue,aragon,huesca
vietnam,Hue,auvergne-rhone-alpes,alpe-d-huez
vietnam,Hue,andalucia,cartaya
vietnam,Hue,andalucia,aljaraque
vietnam,Can Tho,faroe-islands,torshavn
vietnam,Can Tho,bern-region,thun
vietnam,Can Tho,auvergne-rhone-alpes,val-thorens
vietnam,Can Tho,ile-de-france,thoiry-ile-de-france
vietnam,Qui Nhon,dong-nai,nhon-trach_2978704_noindex
iran,Karaj,pais-vasco,vitoria-gasteiz
iran,Karaj,pays-de-la-loire,nantes
iran,Karaj,pais-vasco,bilbao
iran,Tabriz,occitanie,taurize_1504340_noindex
turkey,Istanbul,istanbul-province,restaurants
turkey,Ankara,selection,china-mainland
turkey,Ankara,shanghai-municipality,restaurants
turkey,Ankara,guangdong-province,restaurants
turkey,Izmir,izmir,restaurants
turkey,Cankaya,izmir,cankaya_2809106_noindex
turkey,Bagcilar,istanbul-province,istanbul
turkey,Bagcilar,istanbul,demirkapi_2793226_noindex
germany,Berlin,berlin-region,restaurants
germany,Hamburg,hamburg-region,restaurants
germany,Munich,shanghai-municipality,restaurants
germany,Munich,beijing-municipality,restaurants
germany,Koeln,nordrhein-westfalen,koln
germany,Koeln,nordrhein-westfalen,nippes_1352643_noindex
germany,Frankfurt am Main,hessen,frankfurt-am-main
germany,Frankfurt am Main,hessen,gallusviertel_1327037_noindex
germany,Essen,nordrhein-westfalen,essen
germany,Essen,pais-vasco,es-donostia-san-sebastian
germany,Essen,castilla-la-mancha,es-toledo
germany,Essen,castilla-la-mancha,es-cuenca
germany,Essen,castilla-y-leon,es-zamora
germany,Stuttgart,baden-wurttemberg,stuttgart
germany,Stuttgart,baden-wurttemberg,stuttgart-ost_1316533_noindex
germany,Dortmund,nordrhein-westfalen,dortmund
germany,Dortmund,nordrhein-westfalen,grossholthausen_1356630_noindex
germany,Duesseldorf,nordrhein-westfalen,dusseldorf
germany,Duesseldorf,nordrhein-westfalen,pempelfort_1353027_noindex
germany,Bremen,bremen-region,restaurants
thailand,Bangkok,bangkok-region,restaurants
thailand,Samut Prakan,samut-prakan-region,restaurants
thailand,Mueang Nonthaburi,nonthaburi-region,nonthaburi
thailand,Udon Thani,udon-thani-region,restaurants
thailand,Chon Buri,chon-buri-region,restaurants
thailand,Nakhon Ratchasima,nakhon-ratchasima-region,restaurants
thailand,Chiang Mai,chiang-mai-region,restaurants
thailand,Pak Kret,cchanghwad-nnthburii,paakekrd_2710313_noindex
thailand,Si Racha,cchanghwad-chlburii,sriiraachaa_2758664_noindex
united-kingdom,London,greater-london,restaurants
united-kingdom,Birmingham,west-midlands,birmingham
united-kingdom,Birmingham,england,the-royal-town-of-sutton-coldfield_1730590_noindex
united-kingdom,Liverpool,merseyside,liverpool
united-kingdom,Liverpool,england,speke_1746460_noindex
united-kingdom,Nottingham,nottingham-region,restaurants
united-kingdom,Nottingham,nottinghamshire,restaurants
united-kingdom,Sheffield,south-yorkshire,sheffield
united-kingdom,Bristol,south-gloucestershire,bristol
united-kingdom,Bristol,england,clifton_1726415_noindex
united-kingdom,Glasgow,glasgow-city,restaurants
united-kingdom,Leicester,leicestershire,restaurants
united-kingdom,Edinburgh,city-of-edinburgh,restaurants
united-kingdom,Leeds,west-yorkshire,leeds
united-kingdom,Leeds,oost-vlaanderen,lede
united-kingdom,Leeds,west-yorkshire,boston-spa
united-kingdom,Leeds,oost-vlaanderen,wannegem-lede
united-kingdom,Leeds,west-yorkshire,drighlington
france,Paris,ile-de-france,paris
france,Paris,ile-de-france,2eme-arrondissement-paris_1551223
france,Paris,ile-de-france,1er-arrondissement-paris_1551221
france,Paris,ile-de-france,5eme-arrondissement-paris_1551226
france,Paris,ile-de-france,3eme-arrondissement-paris_1551224
france,Marseille,provence-alpes-cote-dazur,marseille
france,Marseille,provence-alpes-cote-d-azur,12eme-arrondissement-marseille_1504657
france,Marseille,provence-alpes-cote-d-azur,8eme-arrondissement-marseille_1504669
france,Marseille,provence-alpes-cote-d-azur,13eme-arrondissement-marseille_1504658
france,Marseille,provence-alpes-cote-d-azur,9eme-arrondissement-marseille_1504670
france,Lyon,auvergne-rhone-alpes,lyon
france,Lyon,normandie,lyons-la-fort
france,Lyon,auvergne-rhone-alpes,chazelles-sur-lyon
france,Lyon,illinois,lyons_2888610_noindex
france,Toulouse,occitanie,toulouse
france,Toulouse,occitanie,vieille-toulouse_1500427_noindex
france,Nice,provence-alpes-cote-dazur,nice
france,Nice,attike,nikaia_1768985_noindex
france,Nantes,pays-de-la-loire,nantes
france,Nantes,portugal-continental,vilar-de-nantes_2426318_noindex
france,Strasbourg,grand-est,strasbourg
france,Strasbourg,centre-val-de-loire,lakanal-strasbourg_3114187_noindex
france,Montpellier,occitanie,montpellier
france,Montpellier,nouvelle-aquitaine,montpellier-de-medillan_1470347_noindex
france,Bordeaux,nouvelle-aquitaine,bordeaux
france,Bordeaux,nouvelle-aquitaine,artigues-pres-bordeaux_1482248_noindex
france,Lille,hauts-de-france,lille
france,Lille,region,lillestrom_2229300_noindex
south-africa,Durban,occitanie,durban-corbieres_1501430_noindex
south-africa,Soweto,puglia,soleto_1853627_noindex
italy,Rome,lazio,roma
italy,Rome,lazio,anzio
italy,Rome,lazio,civitavecchia
italy,Rome,lazio,tivoli
italy,Rome,lazio,pomezia
italy,Milan,lombardia,milano
italy,Milan,lombardia,legnano
italy,Milan,lombardia,rho
italy,Milan,lombardia,san-giuliano-milanese
italy,Milan,lombardia,settimo-milanese
italy,Naples,campania,napoli
italy,Naples,campania,capri
italy,Naples,campania,pompei
italy,Naples,campania,castellammare-di-stabia
italy,Naples,campania,ercolano
italy,Turin,thuringen,restaurants
italy,Palermo,sicilia,palermo
italy,Palermo,sicilia,bagheria
italy,Palermo,sicilia,termini-imerese
italy,Palermo,sicilia,cefal
italy,Palermo,sicilia,terrasini
italy,Genoa,liguria,genova
italy,Genoa,liguria,portofino
italy,Genoa,liguria,rapallo
italy,Genoa,liguria,santa-margherita-ligure
italy,Genoa,liguria,chiavari
italy,Bologna,emilia-romagna,bologna
italy,Bologna,emilia-romagna,imola
italy,Bologna,emilia-romagna,crevalcore
italy,Bologna,emilia-romagna,castel-maggiore
italy,Bologna,emilia-romagna,san-giovanni-in-persiceto
italy,Florence,toscana,firenze
italy,Florence,toscana,greve-in-chianti
italy,Catania,sicilia,catania
italy,Catania,sicilia,riposto
italy,Catania,sicilia,caltagirone
italy,Catania,sicilia,linguaglossa
italy,Catania,sicilia,zafferana-etnea
italy,Bari,puglia,bari
italy,Bari,puglia,polignano-a-mare
italy,Bari,puglia,monopoli
italy,Bari,puglia,noci
italy,Bari,puglia,conversano
myanmar,Bago,nouvelle-aquitaine,saint-tienne-de-bagorry
colombia,Bogota,new-jersey,bogota_2932525_noindex
colombia,Cali,california,restaurants
colombia,Cali,baja-california,restaurants
colombia,Cali,baja-california-sur,restaurants
colombia,Cartagena,region-de-murcia,cartagena
colombia,Santa Marta,viana-do-castelo-region,santa-marta-de-portuzelo
colombia,Santa Marta,castilla-y-leon,santa-marta-de-tormes_1436234_noindex
colombia,Ibague,bretagne,baguer-morvan_1563035_noindex
south-korea,Seoul,seoul-capital-area,restaurants
south-korea,Busan,busan-region,restaurants
south-korea,Incheon,region,incheon_1027743_noindex
south-korea,Suwon,region,suweon_1031075_noindex
sudan,Omdurman,region,durmanec_1784420_noindex
sudan,El Obeid,portugal-continental,obidos_2429234_noindex
sudan,Al Qadarif,veneto,mason-vicentino
sudan,Al Qadarif,doha-region,doha_2433318
sudan,El Daein,cchanghwad-ray`ng,plwkaedng_2758649_noindex
uganda,Kasese,hessen,kassel
uganda,Kasese,hauts-de-france,cassel
spain,Madrid,comunidad-de-madrid,restaurants
spain,Barcelona,catalunya,barcelona
spain,Barcelona,catalunya,badalona
spain,Barcelona,catalunya,terrassa
spain,Barcelona,catalunya,sabadell
spain,Barcelona,catalunya,mataro
spain,Valencia,comunidad-valenciana,restaurants
spain,Sevilla,andalucia,sevilla
spain,Sevilla,andalucia,alcala-de-guadaira
spain,Sevilla,andalucia,carmona
spain,Sevilla,andalucia,castilleja-de-la-cuesta
spain,Sevilla,andalucia,montellano
spain,Zaragoza,aragon,zaragoza
spain,Malaga,andalucia,malaga
spain,Malaga,andalucia,velez-malaga
spain,Malaga,andalucia,marbella
spain,Malaga,andalucia,fuengirola
spain,Malaga,andalucia,ronda
spain,Murcia,region-de-murcia,restaurants
spain,Palma,canarias,las-palmas-de-gran-canaria
spain,Palma,islas-baleares,palma
spain,Palma,canarias,arrecife
spain,Palma,canarias,haria
spain,Palma,canarias,arucas
spain,Las Palmas de Gran Canaria,canarias,las-palmas-de-gran-canaria
spain,Las Palmas de Gran Canaria,islas-canarias,santa-maria-de-guia-de-gran-canaria_1445631_noindex
spain,Bilbao,pais-vasco,bilbao
algeria,Oran,california,us-orange
algeria,Oran,provence-alpes-cote-dazur,orange
iraq,Al Mawsil al Jadidah,abu-dhabi-emirate,abu-dhabi
iraq,Al Mawsil al Jadidah,doha-region,doha_2433318
iraq,Abu Ghurayb,abu-dhabi-emirate,abu-dhabi
argentina,Buenos Aires,ciudad-autonoma-de-buenos-aires,restaurants
argentina,Cordoba,andalucia,cordoba
argentina,Cordoba,andalucia,puente-genil
argentina,Cordoba,andalucia,almodovar-del-rio
argentina,Mendoza,provincia-mendoza,restaurants
argentina,San Miguel de Tucuman,castilla-y-leon,san-miguel-de-valero
argentina,San Miguel de Tucuman,ciudad-de-mexico,miguel-hidalgo_1999281
argentina,San Miguel de Tucuman,galicia,ourense
argentina,San Miguel de Tucuman,baja-california-sur,san-jose-del-cabo_2061454
argentina,Quilmes,hauts-de-france,quelmes_1549668_noindex
argentina,Salta,england,saltash_1751311_noindex
afghanistan,Herat,occitanie,montpellier
afghanistan,Gardez,trentino-alto-adige,selva-di-val-gardena
afghanistan,Gardez,california,gardena
afghanistan,Gardez,california,us-garden-grove
afghanistan,Gardez,california,bell-gardens
yemen,Aden,cchanghwad-`udrthaanii,onnsa`aad_2735286_noindex
yemen,Mukalla,izmir,musalla_2808007_noindex
yemen,Ibb,nordrhein-westfalen,ibbenburen_1357545_noindex
yemen,Zabid,abu-dhabi-emirate,abu-dhabi
yemen,Zabid,lombardia,moirago
yemen,Zabid,malopolskie,zabierzow_2385360_noindex
canada,Toronto,ontario,toronto
canada,Montreal,occitanie,montreal_1497544_noindex
canada,Calgary,scotland,calgary_1720359_noindex
canada,Edmonton,maryland,edmonston_2916228_noindex
canada,Mississauga,ontario,mississauga_1245409
canada,North York,north-yorkshire,restaurants
canada,Winnipeg,florida,winnipeg_3976074_noindex
canada,Vancouver,british-columbia,ca-vancouver
canada,Vancouver,british-columbia,north-vancouver_1146022_noindex
canada,Scarborough,england,scarborough_1742601_noindex
poland,Warsaw,masovia,warsaw
poland,Warsaw,mazowieckie,srodmiescie_2373700_noindex
poland,Krakow,lesser-poland,cracow
poland,Krakow,mecklenburg-vorpommern,krakow-am-see
poland,Krakow,malopolskie,zabierzow_2385360_noindex
poland,Poznan,wielkopolskie,poznan_2395985
poland,Poznan,wielkopolskie,komorniki_2391560_noindex
poland,Gdansk,pomerania,gdansk_2403599
poland,Gdansk,pomorskie,pruszcz-gdanski_2410344_noindex
poland,Lublin,dublin,restaurants
poland,Katowice,borsod-abauj-zemplen,katowice-varosresz_3499640_noindex
morocco,Rabat,malta-northern-region,mt-rabat
morocco,Fes,selection,china-mainland
morocco,Fes,shanghai-municipality,restaurants
morocco,Fes,guangdong-province,restaurants
morocco,Sale,greater-manchester,gb-sale
morocco,Sale,campania,salerno
morocco,Sale,campania,paestum
morocco,Sale,campania,ravello
morocco,Sale,campania,positano
angola,Luanda,nouvelle-aquitaine,mont-de-marsan
angola,Luanda,rheinland-pfalz,herxheim
angola,Huambo,hamburg-region,restaurants
angola,Lobito,region,lobith_2216601_noindex
angola,Cuito,corse,cuttoli
angola,Soio,solothurn-region,solothurn
angola,Soio,wallis,sion
angola,Soio,hainaut,soignies
ukraine,Lviv,merseyside,liverpool
ukraine,Lviv,california,livermore
ukraine,Mariupol,rio-de-janeiro,mariopolis_1126434_noindex
uzbekistan,Samarkand,california,samarkand_3873508_noindex
uzbekistan,Chirchiq,oxfordshire,churchill
malaysia,Kuala Lumpur,kuala-lumpur-region,restaurants
malaysia,Klang,selangor,klang_2125969_noindex
malaysia,Kampung Baru Subang,selangor,kampung-baru-subang_2125368_noindex
malaysia,Johor Bahru,johor,johor-bahru_2141526_noindex
malaysia,Ipoh,bayern,iphofen
malaysia,Petaling Jaya,selangor,taman-ttdi-jaya_2128088_noindex
malaysia,Shah Alam,selangor,shah-alam_2126624_noindex
mozambique,Matola,comunidad-valenciana,algoda-matola_1386313_noindex
ghana,Tamale,nordrhein-westfalen,dusseldorf
ghana,Tamale,bayern,mnchen
ghana,Tamale,hamburg-region,hamburg
peru,Lima,viana-do-castelo-region,ponte-de-lima
peru,Trujillo,extremadura,es-trujillo
saudi-arabia,Medina,andalucia,es-medina-sidonia
saudi-arabia,Dammam,ile-de-france,dammarie-les-lys_1551820_noindex
ivory-coast,Abobo,portugal-continental,aboboda_2429283_noindex
ivory-coast,San-Pedro,region-de-murcia,san-pedro-del-pinatar
ivory-coast,Man,castilla-la-mancha,restaurants
ivory-coast,Man,greater-manchester,restaurants
nepal,Birganj,region,danilo-biranj_1777951_noindex
cameroon,Garoua,occitanie,toulouse
cameroon,Garoua,occitanie,montauban
cameroon,Maroua,attike,marousi_1764752_noindex
cameroon,Mokolo,mazowieckie,mokotow_2362634_noindex
cameroon,Bertoua,abruzzo,montebello-di-bertona_1844703_noindex
venezuela,Valencia,comunidad-valenciana,restaurants
venezuela,Barcelona,catalunya,barcelona
venezuela,Barcelona,catalunya,badalona
venezuela,Barcelona,catalunya,terrassa
venezuela,Barcelona,catalunya,sabadell
venezuela,Barcelona,catalunya,mataro
venezuela,Puerto La Cruz,canarias,puerto-de-la-cruz
venezuela,Petare,auvergne-rhone-alpes,la-croix-petaret_3957114_noindex
venezuela,Petare,comunidad-valenciana,petrer
niger,Maradi,vojvodina,maradik_2565889_noindex
niger,Dosso,veneto,dossobuono
niger,Dosso,veneto,dosson
niger,Tessaoua,pays-de-la-loire,la-tessoualle_1573953_noindex
australia,Sydney,florida,sydney_2883409_noindex
australia,Melbourne,england,melbourne_1734260_noindex
australia,Brisbane,california,brisbane_2877680_noindex
australia,Perth,perth-and-kinross,restaurants
australia,Gold Coast,florida,gold-coast_3349036_noindex
australia,Canberra,lombardia,canegrate_1804048_noindex
australia,Newcastle,tyne-and-wear,newcastle-upon-tyne
australia,Newcastle,england,newcastle-under-lyme_1745850_noindex
australia,Logan City,illinois,chicago
north-korea,Sunch'on,region,san-zhong-qu-_2852346_noindex
north-korea,Chongjin,region,zhong-qing-nan-lu-shu-dian-jie-_3104992_noindex
syria,Homs,region,homsteane_2250533_noindex
syria,Idlib,england,idlicote_1727893_noindex
mali,Segou,occitanie,segoufielle_1499944_noindex
mali,Markala,sicilia,marsala_1855249_noindex
mali,Kolokani,nordrhein-westfalen,koln
burkina-faso,Kaya,istanbul,kayabasi_2794633_noindex
burkina-faso,Dori,lombardia,dorio_1805869_noindex
burkina-faso,Reo,catalunya,molins-de-rei
taiwan,Taipei,taipei-region,restaurants
taiwan,Kaohsiung,kaohsiung-region,restaurants
taiwan,Taichung,taichung-region,restaurants
taiwan,Tainan,selection,thailand
taiwan,Tainan,selection,taiwan
taiwan,Tainan,bangkok-region,restaurants
taiwan,Banqiao,region,ban-qiao-qu-_2854519_noindex
taiwan,Hsinchu,region,xin-zhu-_2863935_noindex
taiwan,Taoyuan City,region,tao-yuan-shi-_2852698_noindex
taiwan,Keelung,region,ji-long-shi-_2851727_noindex
taiwan,Yuanlin,region,yuan-lin-shi-_2859107_noindex
sri-lanka,Colombo,sao-paulo,jardim-colombo_3762833_noindex
sri-lanka,Moratuwa,comunidad-de-madrid,moratalaz_3311255_noindex
sri-lanka,Pita Kotte,galicia,a-corua
sri-lanka,Sri Jayewardenepura Kotte,doha-region,doha_2433318
sri-lanka,Sri Jayewardenepura Kotte,new-york-state,new-york
malawi,Blantyre,scotland,blantyre_1720013_noindex
malawi,Liwonde,auvergne-rhone-alpes,les-ligondets_3357929_noindex
zambia,Livingstone,scotland,livingston_1722980_noindex
kazakhstan,Almaty,selection,germany
kazakhstan,Almaty,baden-wurttemberg,restaurants
kazakhstan,Almaty,bayern,restaurants
kazakhstan,Taraz,aragon,tarazona
chad,Moundou,centre-val-de-loire,mondoubleau_1583512_noindex
chad,Abeche,auvergne-rhone-alpes,areches_1509278_noindex
chad,Pala,rheinland-pfalz,restaurants
chad,Bongor,veneto,borgoricco
chile,Santiago,galicia,santiago-de-compostela
chile,San Bernardo,sao-paulo,sao-bernardo-do-campo_1139422_noindex
chile,San Bernardo,liguria,it-san-bernardo
chile,Iquique,normandie,saint-vaast-d-equiqueville_1562192_noindex
romania,Sector 3,nuevo-leon,iturbide-sector-3_2040999_noindex
romania,Sector 6,nuevo-leon,cosmopolis-octavo-sector_2040262_noindex
romania,Sector 2,nuevo-leon,cosmopolis-octavo-sector_2040262_noindex
romania,Craiova,vaud,craivavers_3903948_noindex
romania,Galati,rheinland-pfalz,restaurants
somalia,Hargeysa,rheinland-pfalz,hargesheim_1330450_noindex
somalia,Berbera,castilla-y-leon,berberana_1431703_noindex
somalia,Kismayo,pest,kismaros_1786594_noindex
somalia,Burao,castilla-y-leon,burgos
somalia,Burao,pest,budaors
somalia,Burao,castilla-y-leon,miranda-de-ebro
somalia,Burao,castilla-y-leon,aranda-de-duero
somalia,Burao,lombardia,sannazzaro-de-burgondi
somalia,Bosaso,catalunya,bossost
somalia,Bosaso,veneto,bosaro_1811955_noindex
senegal,Saint-Louis,grand-est,fr-saint-louis
senegal,Tiebo,noord-brabant,tilburg
guatemala,Guatemala City,ciudad-autonoma-de-buenos-aires,buenos-aires_777009
guatemala,Mixco,ciudad-de-mexico,mixcoac_1999358_noindex
guatemala,Villa Nueva,castilla-la-mancha,villanueva-de-san-carlos
guatemala,Villa Canales,portugal-continental,canaveses_2417484_noindex
guatemala,Chinautla,mexico,chiautla_1994688_noindex
netherlands,Amsterdam,noord-holland,amsterdam
netherlands,Amsterdam,region,amsterdam-zuidoost_2213000_noindex
netherlands,Rotterdam,zuid-holland,rotterdam
netherlands,Rotterdam,region,rotterdam-havens_2215586_noindex
netherlands,The Hague,zuid-holland,den-haag
netherlands,The Hague,grand-est,haguenau
netherlands,The Hague,normandie,beaumont-hague_1554158_noindex
netherlands,Utrecht,utrecht,restaurants
netherlands,Eindhoven,noord-brabant,eindhoven
netherlands,Eindhoven,region,eindhoven-centrum_3944654_noindex
netherlands,Tilburg,noord-brabant,tilburg
netherlands,Tilburg,region,west-tilburg_3040922_noindex
netherlands,Groningen,groningen,restaurants
netherlands,Almere Stad,region,almere-stad_3595253_noindex
netherlands,Breda,noord-brabant,breda
netherlands,Breda,cataluna,breda_1440936_noindex
netherlands,Breda,noord-brabant,bavel_2215893
netherlands,Nijmegen,gelderland,nijmegen
netherlands,Nijmegen,region,nijmegen-oost_4061766_noindex
ecuador,Cuenca,castilla-la-mancha,es-cuenca
ecuador,Cuenca,castilla-la-mancha,tarancon
ecuador,Cuenca,castilla-la-mancha,villalba-de-la-sierra
ecuador,Manta,piemonte,manta_1796952_noindex
cambodia,Paoy Paet,pest,paty_1787359_noindex
zimbabwe,Epworth,england,epworth_1740652_noindex
guinea,Camayenne,nouvelle-aquitaine,la-cayenne_3499586_noindex
guinea,Kankan,tokyo-region,tokyo
guinea,Kankan,british-columbia,ca-vancouver
guinea,Kankan,ontario,toronto
guinea,Kankan,cantabria,santander
guinea,Kankan,canarias,las-palmas-de-gran-canaria
guinea,Labe,nouvelle-aquitaine,la-roche-l-abeille
guinea,Labe,auvergne-rhone-alpes,l-abergement-clmenciat
guinea,Fria,friuli-venezia-giulia,restaurants
benin,Porto-Novo,marche,portonovo
benin,Porto-Novo,rio-de-janeiro,porto-novo_1127033_noindex
benin,Parakou,zeeland,koudekerke
rwanda,Byumba,rheinland-pfalz,ransbach-baumbach_1332470_noindex
bolivia,Santa Cruz de la Sierra,extremadura,santa-cruz-de-la-sierra_1448117_noindex
bolivia,Sacaba,andalucia,sacaba-beach_3769397_noindex
bolivia,Montero,lazio,monterotondo
bolivia,Montero,castilla-y-leon,espinosa-de-los-monteros
bolivia,Montero,liguria,monterosso-al-mare
bolivia,Montero,puglia,monteroni-di-lecce_1853036_noindex
tunisia,Sousse,east-sussex,restaurants
tunisia,Sousse,west-sussex,restaurants
tunisia,Ariana,campania,ariano-irpino
tunisia,La Goulette,bourgogne-franche-comte,les-goulottes_3546767_noindex
south-sudan,Aweil,nouvelle-aquitaine,la-roche-l-abeille
south-sudan,Aweil,occitanie,abeilhan_1500564_noindex
south-sudan,Rumbek,vlaams-gewest,rumbeke_1065715_noindex
haiti,Carrefour,jersey,carrefour-selous_1747954_noindex
haiti,Delmas 73,catalunya,pals
haiti,Petionville,grand-est,pettonville_1543412_noindex
haiti,Leogane,comunidad-de-madrid,leganes_1441995
belgium,Brussels,bruxelles-capitale,bruxelles
belgium,Brussels,bruxelles-capitale,schaerbeek
belgium,Brussels,bruxelles-capitale,anderlecht
belgium,Antwerpen,antwerpen,restaurants
belgium,Gent,oost-vlaanderen,gent
belgium,Gent,oost-vlaanderen,aalter
belgium,Gent,oost-vlaanderen,merelbeke
belgium,Gent,oost-vlaanderen,lochristi
belgium,Gent,lombardia,appiano-gentile
belgium,Charleroi,hainaut,charleroi
belgium,Charleroi,hainaut,pont-a-celles
belgium,Charleroi,hainaut,chapelle-lez-herlaimont
belgium,Charleroi,hainaut,gouy-lez-piton
belgium,Charleroi,hainaut,gosselies
belgium,Liege,liege,restaurants
belgium,Brugge,west-vlaanderen,brugge
belgium,Brugge,west-vlaanderen,zeebrugge
belgium,Brugge,west-vlaanderen,knokke
belgium,Brugge,west-vlaanderen,beernem
belgium,Brugge,west-vlaanderen,torhout
belgium,Namur,namur,restaurants
belgium,Leuven,vlaams-brabant,leuven
belgium,Leuven,vlaams-brabant,rotselaar
belgium,Leuven,vlaams-brabant,tienen
belgium,Leuven,vlaams-brabant,keerbergen
belgium,Leuven,vlaams-brabant,zoutleeuw
belgium,Mons,hainaut,mons
belgium,Mons,sachsen,pirna
belgium,Mons,toscana,monsummano-terme
belgium,Mons,veneto,monselice
belgium,Mons,evora-region,reguengos-de-monsaraz
belgium,Deurne,vlaams-gewest,deurne_1062434_noindex
belgium,Deurne,oost-vlaanderen,deurle
jordan,Wadi as Sir,dubai-emirate,dubai
jordan,Rukban,veneto,rubano
jordan,As Salt,kent,saltwood
dominican-republic,Santo Domingo,la-rioja,santo-domingo-de-la-calzada
dominican-republic,La Romana,emilia-romagna,bologna
dominican-republic,La Romana,emilia-romagna,piacenza
dominican-republic,La Romana,emilia-romagna,forli
dominican-republic,La Romana,emilia-romagna,modena
dominican-republic,La Romana,emilia-romagna,it-reggio-nell-emilia
dominican-republic,San Cristobal,islas-canarias,san-cristobal-de-la-laguna_1445545_noindex
united-arab-emirates,Dubai,dubai-emirate,restaurants
united-arab-emirates,Dubai,selection,dubai
united-arab-emirates,Abu Dhabi,abu-dhabi-emirate,restaurants
united-arab-emirates,Abu Dhabi,selection,abu-dhabi
united-arab-emirates,Sharjah,lshrq@,lshrq@_1022064_noindex
united-arab-emirates,Al Ain,auvergne-rhone-alpes,bourg-en-bresse
united-arab-emirates,Al Ain,auvergne-rhone-alpes,gex
united-arab-emirates,Al Ain,aragon,ainsa
united-arab-emirates,Ajman,`jmn,`jmn_1022341_noindex
cuba,Santa Clara,california,santa-clara_2877717_noindex
cuba,Bayamo,florida,bayamo_3074112_noindex
honduras,San Pedro Sula,castilla-y-leon,san-pedro-de-rozados_1436090_noindex
honduras,Choloma,catalunya,santa-coloma-de-gramenet
honduras,Choloma,catalunya,santa-coloma-de-queralt
honduras,Ciudad Choluteca,comunidad-de-madrid,madrid
honduras,La Lima,viana-do-castelo-region,ponte-de-lima
honduras,Danli,capital-region,copenhagen
honduras,Danli,central-denmark,aarhus
honduras,Danli,north-denmark,aalborg
czech-republic,Prague,prague,restaurants
czech-republic,Pilsen,plzensky,domazlice_1265202_noindex
czech-republic,Usti nad Labem,ustecky,chlumec_1264614_noindex
sweden,Stockholm,stockholm-region,restaurants
sweden,Goeteborg,vastra-gotaland,gothenburg
sweden,Malmoe,skane,malmo
sweden,Malmoe,liege,malmedy
sweden,Malmoe,wiltshire,malmesbury
sweden,Malmoe,auvergne-rhone-alpes,saint-just-malmont_1524515_noindex
sweden,Sollentuna,region,sollentuna_2621554_noindex
sweden,Soedermalm,region,sodermalm_2625447_noindex
sweden,Vaesteras,region,vasteras_1648519_noindex
sweden,Linkoeping,ostergotland,linkoping_2608143
sweden,Helsingborg,region,helsingborg_2660056_noindex
tajikistan,Kulob,bayern,presseck
tajikistan,Kulob,bayern,wirsberg
tajikistan,Vahdat,region,vardatun_2264221_noindex
papua-new-guinea,Lae,brussel-hoofdstedelijk-gewest,laken_1062708_noindex
papua-new-guinea,Mendi,england,chewton-mendip_1748078_noindex
portugal,Lisbon,lisboa-region,restaurants
portugal,Porto,selection,portugal
portugal,Porto,lisboa-region,restaurants
portugal,Amadora,portugal-continental,amadora_2429621_noindex
portugal,Braga,braga-region,restaurants
portugal,Setubal,setubal,restaurants
portugal,Coimbra,coimbra,restaurants
portugal,Queluz,portugal-continental,queluz_2427505_noindex
portugal,Funchal,ilha-da-madeira,funchal
portugal,Funchal,madeira,funchal-sao-pedro_2432204_noindex
portugal,Cacem,portugal-continental,cacem_3359364_noindex
portugal,Cacem,extremadura,cceres
portugal,Cacem,extremadura,navalmoral-de-la-mata
portugal,Vila Nova de Gaia,porto-region,vila-nova-de-gaia
azerbaijan,Saatli,cchanghwad-suphrrnburii,saalii_2788365_noindex
greece,Athens,attica,athens
greece,Patra,provence-alpes-cote-d-azur,la-patrasse_3737845_noindex
greece,Piraeus,attike,peiraias_1769232_noindex
greece,Larisa,lazio,lariano_1844102_noindex
greece,Peristeri,attike,peristeri_1765430_noindex
greece,Irakleion,attike,erakleio_1763675_noindex
greece,Kallithea,attike,kallithea_1767689_noindex
greece,Acharnes,attike,akharnes_1766368_noindex
greece,Kalamaria,calabria,catanzaro
greece,Kalamaria,calabria,reggio-di-calabria
greece,Kalamaria,calabria,crotone
hungary,Budapest,central-hungary,budapest
hungary,Budapest,budapest,11.-kerulet_1785324_noindex
hungary,Debrecen,hajdu-bihar,debrecen
hungary,Debrecen,hajdu-bihar,hajdusamson_1786247_noindex
hungary,Miskolc,borsod-abauj-zemplen,miskolc
hungary,Miskolc,borsod-abauj-zemplen,malyi_1786966_noindex
hungary,Szeged,csongrad-csanad,szeged
hungary,Szeged,csongrad-csanad,algyo_1785373_noindex
hungary,Pecs,baranya,pecs
hungary,Pecs,baranya,hosszuheteny
hungary,Pecs,baranya,pecsvarad_1790134_noindex
hungary,Budapest XI. keruelet,central-hungary,budapest
hungary,Zuglo,zug-region,zug
hungary,Zuglo,veneto,zugliano_1822983_noindex
hungary,Gyor,gyor-moson-sopron,restaurants
hungary,Budapest III. keruelet,central-hungary,budapest
hungary,Nyiregyhaza,pest,nyaregyhaza_1787133_noindex
togo,Bassar,niedersachsen,restaurants
togo,Tsevie,occitanie,saint-mathieu-de-treviers_1504066_noindex
togo,Aneho,auvergne-rhone-alpes,villette-d-anthon_1516244_noindex
togo,Dapaong,provence-alpes-cote-dazur,restaurants
togo,Dapaong,selection,republic-of-ireland
togo,Dapaong,selection,denmark
israel,West Jerusalem,west-vlaanderen,brugge
israel,Ashdod,england,ashdon_1752843_noindex
israel,Holon,zuid-holland,den-haag
israel,Holon,noord-holland,amsterdam
austria,Vienna,selection,vietnam
austria,Vienna,ho-chi-minh,restaurants
austria,Vienna,ha-noi,restaurants
austria,Graz,lombardia,grazie
austria,Linz,rheinland-pfalz,linz-am-rhein_1331451_noindex
austria,Favoriten,wien,favoriten_1048913_noindex
austria,Donaustadt,wien,donaustadt_1048664_noindex
austria,Floridsdorf,wien,floridsdorf_1048949_noindex
austria,Salzburg,salzburg-region,restaurants
austria,Innsbruck,tirol,innsbruck_1041308_noindex
austria,Innsbruck,tirol,telfs_1046604
austria,Innsbruck,tirol,tux_7770294
austria,Ottakring,wien,ottakring_1050958_noindex
austria,Simmering,wien,simmering_1051793_noindex
austria,Simmering,baden-wurttemberg,bad-saulgau
belarus,Brest,bretagne,brest
belarus,Pinsk,region,pinska_1466349_noindex
belarus,Pinsk,provence-alpes-cote-dazur,juan-les-pins
belarus,Pinsk,occitanie,pinsaguel
switzerland,Zurich,zurich-region,restaurants
switzerland,Geneve,geneve-region,restaurants
switzerland,Basel,basel-stadt,restaurants
switzerland,Basel,basel-landschaft,restaurants
switzerland,Bern,bern-region,restaurants
switzerland,Lausanne,vaud,lausanne
switzerland,Lausanne,vaud,le-mont-sur-lausanne
switzerland,Lausanne,vaud,cugy
switzerland,Lausanne,vaud,bussigny-pres-lausanne_1154186_noindex
switzerland,Winterthur,zurich-region,winterthur
switzerland,Winterthur,grevenmacher,grundhof
switzerland,Winterthur,zurich,seuzach_1152745_noindex
switzerland,Sankt Gallen,sankt-gallen-region,restaurants
switzerland,Lugano,ticino,lugano
switzerland,Lugano,ticino,massagno
switzerland,Lugano,ticino,ch-melide
switzerland,Lugano,ticino,taverne
switzerland,Lugano,ticino,vico-morcote
switzerland,Luzern,luzern-region,restaurants
switzerland,Zuerich (Kreis 11),zurich-region,zurich
sierra-leone,Bo,bourgogne-franche-comte,restaurants
sierra-leone,Bo,borsod-abauj-zemplen,restaurants
sierra-leone,Bo,bournemouth-region,restaurants
sierra-leone,Kenema,selection,denmark
sierra-leone,Kenema,capital-region,restaurants
sierra-leone,Kenema,central-denmark,restaurants
sierra-leone,Koidu,selection,united-kingdom
sierra-leone,Koidu,greater-london,restaurants
sierra-leone,Koidu,selection,south-korea
sierra-leone,Lunsar,occitanie,lansargues_1502231_noindex
sierra-leone,Waterloo,brabant-wallon,waterloo
sierra-leone,Waterloo,ontario,waterloo_1245901_noindex
laos,Thakhek,selection,thailand
laos,Thakhek,bangkok-region,restaurants
laos,Muang Phonsavan,khon-kaen-region,khon-kaen
laos,Muang Xay,khon-kaen-region,khon-kaen
laos,Muang Pakxan,khon-kaen-region,khon-kaen
turkmenistan,Mary,marche,restaurants
hong-kong,Hong Kong,hong-kong-region,restaurants
hong-kong,Hong Kong,selection,hong-kong
hong-kong,Kowloon,kaunas-region,kaunas_1976586
hong-kong,Tsuen Wan,xiang-gang-,quan-wan-_1777368_noindex
hong-kong,Yuen Long Kau Hui,hong-kong-region,hong-kong
hong-kong,Tung Chung,xiang-gang-,dong-yong-_1777470_noindex
hong-kong,Sha Tin,xiang-gang-,sha-tian-qu-_3880611_noindex
hong-kong,Tuen Mun,xiang-gang-,tun-men-qu-_3893015_noindex
hong-kong,Tai Po,xiang-gang-,da-bu-qu-_3147677_noindex
hong-kong,Sai Kung,xiang-gang-,xi-gong-qu-_3149650_noindex
hong-kong,Yung Shue Wan,kaohsiung-region,kaohsiung
libya,Al Khums,khon-kaen-region,khon-kaen
libya,Al Ajaylat,veneto,mason-vicentino
libya,Al Ajaylat,doha-region,doha_2433318
libya,Sabha,catalunya,sabadell
kyrgyzstan,Tokmok,tokyo-region,restaurants
kyrgyzstan,Uzgen,puglia,ugento
kyrgyzstan,Uzgen,castilla-la-mancha,ugena_1445914_noindex
kyrgyzstan,Talas,harju,tallinn
kyrgyzstan,Talas,castilla-la-mancha,talavera-de-la-reina
kyrgyzstan,Talas,california,napa-sonoma-valleys_7770317
kyrgyzstan,Talas,islas-baleares,sant-josep-de-sa-talaia
kyrgyzstan,Talas,auvergne-rhone-alpes,talloires-montmin
paraguay,Ciudad del Este,ciudad-de-mexico,barrio-san-esteban_1994057_noindex
paraguay,San Lorenzo,comunidad-de-madrid,san-lorenzo-de-el-escorial
paraguay,San Lorenzo,trentino-alto-adige,san-lorenzo-di-sebato
paraguay,San Lorenzo,castilla-y-leon,val-de-san-lorenzo
paraguay,Capiata,seoul-capital-area,restaurants
paraguay,Capiata,bruxelles-capitale,restaurants
paraguay,Capiata,capital-region,restaurants
paraguay,Lambare,foroyar,lambareidi_4058477_noindex
paraguay,Lambare,bruxelles-capitale,woluwe-saint-lambert
paraguay,Limpio,cantabria,limpias_1400868_noindex
nicaragua,Leon,castilla-y-leon,restaurants
nicaragua,Leon,nuevo-leon,restaurants
nicaragua,Granada,andalucia,granada
nicaragua,Granada,andalucia,es-loja
nicaragua,Granada,andalucia,almunecar
nicaragua,Granada,andalucia,monachil
nicaragua,Granada,andalucia,cenes-de-la-vega
nicaragua,El Viejo,california,us-los-angeles
nicaragua,El Viejo,california,west-hollywood
nicaragua,El Viejo,british-columbia,ca-vancouver
nicaragua,El Viejo,vienna,wien
nicaragua,El Viejo,comunidad-valenciana,valencia
bulgaria,Varna,trentino-alto-adige,varna_3439852_noindex
bulgaria,Burgas,galicia,burgas-(santa-baia)_1429712_noindex
bulgaria,Burgas,centre-val-de-loire,bourges
bulgaria,Burgas,castilla-y-leon,burgos
bulgaria,Ruse,region,ruse_2574894_noindex
bulgaria,Pleven,bretagne,plevenon_1568669_noindex
bulgaria,Sliven,selection,slovenia
bulgaria,Sliven,central-slovenia,restaurants
bulgaria,Sliven,coastal–karst,restaurants
bulgaria,Dobrich,stredocesky,dobrichovice_1264968_noindex
serbia,Belgrade,belgrade-region,restaurants
serbia,Novi Sad,vojvodina,novi-sad_2566290_noindex
serbia,Zemun,tsentralna-srbija,zemun_2562371_noindex
serbia,Cacak,extremadura,cceres
serbia,Cacak,extremadura,navalmoral-de-la-mata
serbia,Cacak,extremadura,es-trujillo
serbia,Cacak,faro-region,vila-nova-de-cacela
serbia,Subotica,region,mala-subotica_1780770_noindex
serbia,Leskovac,region,hrvatski-leskovac_1779324_noindex
serbia,Kraljevo,region,kraljevica_1780126_noindex
el-salvador,San Salvador,galicia,san-salvador-de-poio
el-salvador,Santa Ana,california,us-santa-ana
el-salvador,Santa Ana,andalucia,el-puerto-de-santa-maria
el-salvador,Santa Ana,faro-region,vila-real-de-santo-antonio
el-salvador,Santa Ana,sao-paulo,santo-andre_1139352_noindex
el-salvador,San Miguel,cantabria,puente-san-miguel
el-salvador,San Miguel,castilla-y-leon,san-miguel-de-valero
el-salvador,Santa Tecla,portugal-continental,basto-santa-tecla_2416823_noindex
el-salvador,Apopa,nuevo-leon,apodaca_2039826_noindex
el-salvador,San Marcos,texas,san-marcos_2958214_noindex
republic-of-the-congo,Dolisie,occitanie,le-mas-d-olivier_3070789_noindex
republic-of-the-congo,Impfondo,selection,italy
republic-of-the-congo,Impfondo,selection,spain
republic-of-the-congo,Impfondo,ile-de-france,restaurants
denmark,Copenhagen,capital-region,copenhagen
denmark,Copenhagen,pays-de-la-loire,la-copechagniere_1572302_noindex
denmark,Arhus,central-denmark,aarhus
denmark,Arhus,region,logistikparken-arhus_1376351_noindex
denmark,Odense,southern-denmark,odense
denmark,Odense,galicia,ourense
denmark,Odense,galicia,pereiro-de-aguiar
denmark,Odense,galicia,san-andres-de-camporredondo
denmark,Odense,galicia,o-barco_1403811_noindex
denmark,Aalborg,north-denmark,aalborg
denmark,Aalborg,region,wijk-en-aalburg_2217224_noindex
denmark,Frederiksberg,region,frederiksberg_1372869_noindex
denmark,Randers,bayern,randersacker_1296068_noindex
denmark,Kolding,region,kolding_1375522_noindex
denmark,Vejle,southern-denmark,vejle
denmark,Vejle,andalucia,velez-malaga
denmark,Vejle,andalucia,vejer-de-la-frontera
denmark,Vejle,hauts-de-france,courcelles-sur-vesle
denmark,Vejle,limburg,vijlen
denmark,Horsens,region,horsens_1374425_noindex
singapore,Singapore,singapore-region,restaurants
lebanon,Sidon,andalucia,es-medina-sidonia
lebanon,Tyre,trentino-alto-adige,restaurants
finland,Helsinki,uusimaa,helsinki
finland,Helsinki,region,helsingor_1374051_noindex
finland,Espoo,region,espoo_1589619_noindex
finland,Tampere,auvergne-rhone-alpes,sampere_1524839_noindex
finland,Vantaa,region,vantaa_1645072_noindex
finland,Turku,selection,turkey
finland,Turku,istanbul-province,restaurants
finland,Turku,mugla,restaurants
finland,Oulu,region,oulunkyla_1623230_noindex
finland,Pori,selection,portugal
finland,Pori,lisboa-region,restaurants
liberia,Monrovia,california,us-monrovia
liberia,New Yekepa,florida,orlando
liberia,New Yekepa,nouvelle-aquitaine,irouleguy
liberia,New Yekepa,nouvelle-aquitaine,bordeaux
liberia,New Yekepa,belgrade-region,belgrade
liberia,New Yekepa,new-york-state,new-york
norway,Oslo,oslo-region,restaurants
norway,Bergen,hordaland,bergen
norway,Bergen,hainaut,mons
norway,Bergen,nordrhein-westfalen,bergisch-gladbach
norway,Bergen,nordrhein-westfalen,gummersbach
norway,Bergen,noord-brabant,bergen-op-zoom
norway,Trondheim,trondelag,trondheim
norway,Trondheim,hessen,rodheim-bieber_1325088_noindex
norway,Stavanger,rogaland,stavanger
norway,Drammen,brandenburg,dammendorf_1318303_noindex
norway,Kristiansand,region,kristiansand_2252571_noindex
norway,Sandnes,region,sandnes_2259045_noindex
norway,Sarpsborg,mecklenburg-vorpommern,sarmstorf_1323181_noindex
slovakia,Nitra,selection,netherlands
slovakia,Nitra,noord-holland,restaurants
slovakia,Nitra,zuid-holland,restaurants
slovakia,Martin,wallis,martigny
slovakia,Martin,auvergne-rhone-alpes,saint-martin-de-belleville
slovakia,Martin,provence-alpes-cote-dazur,roquebrune-cap-martin
slovakia,Martin,trentino-alto-adige,san-martino-in-passiria
slovakia,Trencin,trentino-alto-adige,restaurants
slovakia,Poprad,west-vlaanderen,poperinge
palestine,East Jerusalem,grand-est,jerusalem_3590417_noindex
palestine,Khan Yunis,lshrq@,lkhn_1022020_noindex
palestine,Jabalya,aragon,jabaloyas_1384855_noindex
palestine,Hebron,texas,hebron_2954647_noindex
central-african-republic,Bimbo,pays-de-la-loire,la-bimboire_3861954_noindex
central-african-republic,Berberati,boreio-aigaio,berberato_1772409_noindex
central-african-republic,Carnot,galicia,carnota_1392579_noindex
central-african-republic,Bria,bretagne,restaurants
central-african-republic,Bria,british-columbia,restaurants
oman,Seeb,mecklenburg-vorpommern,seebad-warnemunde_1323494_noindex
oman,Sohar,schleswig-holstein,scharbeutz
ireland,Dublin,dublin,restaurants
ireland,Cork,selection,south-korea
ireland,Cork,seoul-capital-area,restaurants
ireland,Cork,cornwall,restaurants
ireland,Dun Laoghaire,dun-laoghaire-rathdown,restaurants
ireland,Gaillimh,ontario,bradford-west-gwillimbury_1246114_noindex
ireland,Tallaght,region,tallaght_1941691_noindex
ireland,Waterford,waterford,restaurants
ireland,Swords,region,swords_1941637_noindex
ireland,Drogheda,malopolskie,wielka-droga_3513015_noindex
ireland,Dundalk,louth,dundalk
ireland,Dundalk,region,dunalka_1988759_noindex
new-zealand,Auckland,england,bishop-auckland_1739810_noindex
new-zealand,Christchurch,england,christchurch_1748127_noindex
new-zealand,North Shore,florida,north-shore_3013254_noindex
new-zealand,Hamilton,ontario,hamilton_1245140
new-zealand,Hamilton,scotland,hamilton_1722078_noindex
mauritania,Zouerate,nouvelle-aquitaine,la-couraterie_3628753_noindex
mauritania,Atar,istanbul,atasehir_2792546_noindex
mauritania,Tekane,new-jersey,teaneck_2933059_noindex
costa-rica,San Jose,california,san-jose
costa-rica,Limon,lombardia,limone-sul-garda
costa-rica,Limon,piemonte,limone-piemonte
costa-rica,San Francisco,california,san-francisco
costa-rica,San Francisco,mexico,san-francisco-coacalco_2001062_noindex
costa-rica,San Vicente,cantabria,san-vicente-de-la-barquera
costa-rica,San Vicente,la-rioja,san-vicente-de-la-sonsierra
kuwait,Al Fahahil,veneto,mason-vicentino
kuwait,Al Fahahil,doha-region,doha_2433318
kuwait,Ar Rumaythiyah,phuket-region,phuket
kuwait,Ar Rumaythiyah,gelderland,brummen
kuwait,Ar Rumaythiyah,overijssel,hengelo
kuwait,Ar Rumaythiyah,noord-brabant,helmond
kuwait,Ar Rumaythiyah,noord-holland,blaricum
kuwait,Ar Riqqah,ile-de-france,2eme-arrondissement-paris_1551223
kuwait,Ar Riqqah,ile-de-france,1er-arrondissement-paris_1551221
kuwait,Ar Riqqah,ile-de-france,5eme-arrondissement-paris_1551226
kuwait,Ar Riqqah,ile-de-france,3eme-arrondissement-paris_1551224
kuwait,Ar Riqqah,ile-de-france,6eme-arrondissement-paris_1551227
panama,Juan Diaz,provence-alpes-cote-dazur,juan-les-pins
panama,Juan Diaz,provence-alpes-cote-dazur,golfe-juan
panama,David,pembrokeshire,st-davids
panama,Colon,nordrhein-westfalen,koln
panama,Las Cumbres,andalucia,cumbres-mayores_1446879_noindex
panama,Pedregal,mexico,pedregal-de-guadalupe-hidalgo_1999886_noindex
croatia,Zagreb,zagreb-region,restaurants
croatia,Split,split-dalmatia,restaurants
croatia,Rijeka,primorje-gorski-kotar,rijeka
croatia,Rijeka,region,gornja-rijeka_1778848_noindex
croatia,Osijek,osijek-baranja,restaurants
croatia,Zadar,zadar-region,restaurants
croatia,Pula,pulau-pinang,restaurants
croatia,Sesvete,region,sesvete_1782795_noindex
croatia,Karlovac,region,karlovac_1779721_noindex
croatia,Varazdin,varazdin,restaurants
georgia,Kutaisi,-bwzby,juzur-lfutaysiy_1021750_noindex
georgia,Batumi,bath-and-north-east-somerset,restaurants
georgia,Rust'avi,occitanie,sere-rustaing_1499925_noindex
georgia,Gori,gorizia,restaurants
georgia,Samtredia,galicia,sambreixo-(santa-maria)_1413684_noindex
eritrea,Asmara,porto-region,amarante
eritrea,Keren,region,keer_2216474_noindex
eritrea,Massawa,comunidad-valenciana,massamagrell_1388110_noindex
eritrea,Barentu,normandie,barentin_1554066_noindex
uruguay,Rivera,california,pico-rivera_2880218_noindex
uruguay,Melo,ile-de-france,melun
uruguay,Melo,the-scottish-borders,melrose
uruguay,Melo,basilicata,melfi
uruguay,Melo,sankt-gallen-region,mels
uruguay,Melo,lombardia,castel-mella
uruguay,Mercedes,california,merced-heights_2878243_noindex
puerto-rico,San Juan,nouvelle-aquitaine,saint-jean-de-luz
puerto-rico,San Juan,california,san-juan-capistrano
puerto-rico,Bayamon,florida,bayamo_3074112_noindex
puerto-rico,Ponce,bourgogne-franche-comte,poncey-les-athee_1533842_noindex
puerto-rico,Caguas,sao-paulo,jardim-caguassu_3364692_noindex
puerto-rico,Arecibo,toscana,arezzo
bosnia-and-herzegovina,Banja Luka,baja-california-sur,cabo-san-lucas_2059129
bosnia-and-herzegovina,Banja Luka,baja-california,luna-park_2060673_noindex
bosnia-and-herzegovina,Tuzla,istanbul,tuzla_2796340_noindex
bosnia-and-herzegovina,Mostar,centre-val-de-loire,montargis
bosnia-and-herzegovina,Mostar,lombardia,mortara
bosnia-and-herzegovina,Bihac,hajdu-bihar,restaurants
bosnia-and-herzegovina,Brcko,bretagne,restaurants
bosnia-and-herzegovina,Brcko,selection,brazil
bosnia-and-herzegovina,Brcko,bruxelles-capitale,restaurants
bosnia-and-herzegovina,Prijedor,schleswig-holstein,prisdorf_1339916_noindex
qatar,Doha,doha-region,restaurants
qatar,Ar Rayyan,region,lryn_2433319_noindex
qatar,Umm Salal Muhammad,la-rioja,logrono
qatar,Umm Salal Muhammad,dubai-emirate,dubai
qatar,Al Wakrah,region,lwkr@_2433323_noindex
qatar,Madinat ash Shamal,dubai-emirate,dubai
moldova,Tiraspol,provence-alpes-cote-d-azur,tirassol_3853850_noindex
moldova,Balti,cork,ie-baltimore
moldova,Ribnita,mecklenburg-vorpommern,ribnitz-damgarten_1322935_noindex
moldova,Ungheni,selection,hungary
moldova,Ungheni,central-hungary,restaurants
moldova,Ungheni,veszprem-region,restaurants
namibia,Katutura,nara-region,katsuragi_7770003
armenia,Vanadzor,hong-kong-region,restaurants
armenia,Vanadzor,selection,hong-kong
armenia,Kapan,attike,kapandriti_1764010_noindex
lithuania,Vilnius,vilnius-region,restaurants
lithuania,Kaunas,kaunas-region,restaurants
lithuania,Klaipeda,klaipeda-region,restaurants
lithuania,Siauliai,graubunden,sagliains_1156946_noindex
lithuania,Eiguliai,region,eiguliai_1974231_noindex
lithuania,Mazeikiai,nouvelle-aquitaine,mazeirat_1470045_noindex
jamaica,Kingston,kingston-upon-hull-region,restaurants
jamaica,Spanish Town,florida,hyde-park-spanishtown-creek_3445674_noindex
jamaica,Portmore,coastal–karst,portoroz
jamaica,Portmore,region,portmagee_1936148_noindex
jamaica,Mandeville,normandie,mandeville_1560632_noindex
jamaica,May Pen,southern-peninsula,grindavik
jamaica,May Pen,castilla-y-leon,penafiel
jamaica,May Pen,cornwall,penzance
jamaica,May Pen,bretagne,penmarch
jamaica,Linstead,england,linstead-parva_3768529_noindex
albania,Tirana,lombardia,tirano_1810055_noindex
albania,Fier,trentino-alto-adige,fiera-di-primiero
gambia,Serekunda,selangor,serendah_2131433_noindex
gambia,Basse Santa Su,graubunden,santa-maria-val-mustair_1157052_noindex
gambia,Basse Santa Su,baja-california-sur,todos-santos_2061696
gambia,Soma,hauts-de-france,amiens
gabon,Franceville,ile-de-france,ville-d-avray
gabon,Franceville,normandie,merville-franceville-plage_1560747_noindex
gabon,Mouila,pays-de-la-loire,moulay
gabon,Lambarene,foroyar,lambareidi_4058477_noindex
gabon,Lambarene,bruxelles-capitale,woluwe-saint-lambert
botswana,Francistown,selection,france
botswana,Francistown,ile-de-france,restaurants
botswana,Francistown,auvergne-rhone-alpes,restaurants
botswana,Selebi-Phikwe,trentino-alto-adige,selva-di-val-gardena
botswana,Selebi-Phikwe,grand-est,slestat
botswana,Selebi-Phikwe,islas-baleares,es-selva
lesotho,Maseru,masovia,restaurants
lesotho,Nako,region,nakotne_1990768_noindex
guinea-bissau,Bissora,baden-wurttemberg,bietigheim-bissingen
guinea-bissau,Cacheu,normandie,hameau-cacheux_3069258_noindex
slovenia,Ljubljana,central-slovenia,ljubljana
slovenia,Ljubljana,region,brezovica-pri-ljubljani_2577297_noindex
slovenia,Maribor,drava,maribor
slovenia,Maribor,region,pesnica-pri-mariboru_2580033_noindex
slovenia,Celje,savinja,celje
slovenia,Celje,niedersachsen,celle
slovenia,Celje,hainaut,pont-a-celles
slovenia,Celje,centre-val-de-loire,cellettes
slovenia,Kranj,selection,united-kingdom
slovenia,Kranj,greater-london,restaurants
slovenia,Kranj,cornwall,restaurants
slovenia,Velenje,region,velenje_2575836_noindex
slovenia,Koper,region,koper_2578835_noindex
slovenia,Novo Mesto,southeast-slovenia,otocec-na-krki
slovenia,Novo Mesto,region,novo-mesto_2579824_noindex
slovenia,Ptuj,region,ptuj_2574583_noindex
slovenia,Ptuj,occitanie,pujaut
slovenia,Ptuj,occitanie,pujaudran
slovenia,Ptuj,islas-baleares,es-pujols
slovenia,Trbovlje,region,trbovlje_2575690_noindex
slovenia,Kamnik,region,kamnik_2578699_noindex
equatorial-guinea,Malabo,ile-de-france,chatenay-malabry_1551692_noindex
equatorial-guinea,Luba,dolnoslaskie,luban_2393132_noindex
equatorial-guinea,Evinayong,cataluna,avinyonet-de-puigventos_1440806_noindex
equatorial-guinea,Mongomo,auvergne-rhone-alpes,mongonod_1514121_noindex
equatorial-guinea,Rebola,portugal-continental,rebolaria_2427706_noindex
latvia,Riga,riga-region,restaurants
latvia,Liepaja,kurzeme,liepaja_1990145
latvia,Liepaja,region,lippajarvi_1613955_noindex
latvia,Jelgava,region,jelgavas-novads_3654632_noindex
latvia,Jurmala,riga-region,jurmala_1989403
latvia,Valmiera,vidzeme,valmiera_1992455
latvia,Valmiera,region,valmiermuiza_1992457_noindex
north-macedonia,Prilep,principado-de-asturias,restaurants
north-macedonia,Prilep,primorje-gorski-kotar,restaurants
north-macedonia,Veles,sardegna,le-vele_1840366_noindex
north-macedonia,Ohrid,baden-wurttemberg,hringen
north-macedonia,Ohrid,thuringen,ohrdruf_1364667_noindex
north-macedonia,Gostivar,hlavni-mesto-praha,hostivar_1265910_noindex
bahrain,Ar Rifa',portugal-continental,arrifana_2416439_noindex
bahrain,Madinat Hamad,dubai-emirate,dubai
bahrain,Madinat `Isa,dubai-emirate,dubai
bahrain,Sitrah,bayern,strahlungen_1296669_noindex
bahrain,Al Hadd,scotland,haddington_1722057_noindex
trinidad-and-tobago,Chaguanas,occitanie,chabanassy_3287972_noindex
trinidad-and-tobago,Mon Repos,ile-de-france,aubepierre-ozouer-le-repos_1551277_noindex
trinidad-and-tobago,Mon Repos,auvergne-rhone-alpes,le-reposoir_1512712
trinidad-and-tobago,Port of Spain,islas-baleares,port-de-pollenca
trinidad-and-tobago,Port of Spain,comunidad-valenciana,sagunt
trinidad-and-tobago,Port of Spain,islas-baleares,port-d-alcdia
trinidad-and-tobago,Port of Spain,islas-baleares,port-de-soller
trinidad-and-tobago,Marabella,andalucia,marbella
trinidad-and-tobago,Marabella,emilia-romagna,maranello
trinidad-and-tobago,Marabella,emilia-romagna,mirabello_1826735_noindex
trinidad-and-tobago,Laventille,hauts-de-france,laventie_1547694_noindex
timor-leste,Dili,new-york-state,restaurants
timor-leste,Dili,district-of-columbia,restaurants
timor-leste,Dili,selection,denmark
timor-leste,Maliana,cantabria,maliano_1401678_noindex
timor-leste,Maliana,antwerpen,mechelen
timor-leste,Maliana,comunidad-valenciana,meliana
timor-leste,Aileu,brabant-wallon,braine-l-alleud
timor-leste,Aileu,auvergne-rhone-alpes,alleuze_1516425_noindex
timor-leste,Lospalos,bretagne,lospilou_1567929_noindex
timor-leste,Baukau,nordrhein-westfalen,baukau_1355089_noindex
timor-leste,Venilale,provence-alpes-cote-d-azur,venelles_1508947_noindex
estonia,Tallinn,harju,tallinn
estonia,Tallinn,region,pohja-tallinn_1466523_noindex
estonia,Tartu,tartu-region,restaurants
estonia,Paernu,veneto,pernumia_1818670_noindex
estonia,Viljandi,viljandi-region,restaurants
estonia,Sillamaee,castilla-la-mancha,villamalea_1446205_noindex
estonia,Maardu,region,maardu_3194382_noindex
estonia,Kuressaare,region,kuressaare_1464911_noindex
cyprus,Larnaca,auvergne-rhone-alpes,larnac_3631874_noindex
cyprus,Pergamos,perth-and-kinross,restaurants
cyprus,Morfou,grand-est,morfontaine_1542841_noindex
mauritius,Port Louis,bretagne,fr-port-louis
mauritius,Port Louis,provence-alpes-cote-d-azur,port-saint-louis-du-rhone_1508019_noindex
mauritius,Quatre Bornes,auvergne-rhone-alpes,les-quatre-bornes_3254371_noindex
mauritius,Triolet,normandie,le-triolet_3940503_noindex
mauritius,Centre de Flacq,centre-val-de-loire,fleury-les-aubrais_1578837_noindex
mauritius,Mahebourg,sachsen-anhalt,magdeburg
mauritius,Mahebourg,hessen,marburg_1328121_noindex
eswatini,Malkerns,england,great-malvern_1727468_noindex
eswatini,Mhlume,ustecky,chlumec_1264614_noindex
eswatini,Siteki,izmir,basin-sitesi_2806246_noindex
djibouti,Obock,region,otocka_1781602_noindex
djibouti,Arta,catalunya,artesa-de-lleida
fiji,Suva,izmir,adnan-suvari_2805860_noindex
fiji,Lautoka,region,lautkankare_1611914_noindex
fiji,Nadi,nara-region,restaurants
fiji,Nadi,namur,restaurants
fiji,Ba,selection,netherlands
fiji,Ba,baden-wurttemberg,restaurants
fiji,Ba,bayern,restaurants
reunion,Saint-Denis,ile-de-france,aulnay-sous-bois
reunion,Saint-Denis,ile-de-france,noisy-le-grand
reunion,Saint-Denis,ile-de-france,le-pr-saint-gervais
reunion,Saint-Denis,nouvelle-aquitaine,saint-denis-d-olron
reunion,Saint-Denis,auvergne-rhone-alpes,saint-denis-ls-bourg
reunion,Saint-Paul,nouvelle-aquitaine,saint-paul-ls-dax
reunion,Saint-Paul,provence-alpes-cote-dazur,saint-paul-de-vence
reunion,Saint-Paul,auvergne-rhone-alpes,saint-paul-en-jarez
reunion,Saint-Pierre,saint-peter,restaurants
reunion,Le Tampon,auvergne-rhone-alpes,le-moulin-tampon_3035474_noindex
reunion,Saint-Andre,fife,st-andrews
reunion,Saint-Andre,nouvelle-aquitaine,saint-andr-de-cubzac
reunion,Saint-Andre,occitanie,saint-andr-de-najac
reunion,Saint-Andre,hauts-de-france,gouy-saint-andr
reunion,Saint-Louis,grand-est,fr-saint-louis
reunion,Le Port,california,us-los-angeles
reunion,Le Port,california,west-hollywood
reunion,Le Port,porto-region,porto
reunion,Le Port,sicilia,palermo
reunion,Le Port,ile-de-france,paris
reunion,Saint-Benoit,centre-val-de-loire,saint-benot-sur-loire
reunion,Saint-Benoit,nouvelle-aquitaine,saint-benoit_1471754_noindex
reunion,Sainte-Marie,provence-alpes-cote-dazur,moustiers-sainte-marie
reunion,Sainte-Marie,nouvelle-aquitaine,sainte-marie-de-r
reunion,Sainte-Marie,grand-est,pont-sainte-marie
comoros,Moroni,auvergne-rhone-alpes,la-moronie_4063708_noindex
comoros,Moutsamoudou,newry-mourne-and-down,restaurants
comoros,Sima,nordrhein-westfalen,simmerath
comoros,Sima,baden-wurttemberg,simonswald
guyana,Georgetown,pulau-pinang,my-george-town
guyana,Linden,vlaams-brabant,linden
guyana,Skeldon,cumbria,skelton
guyana,Skeldon,england,skelton_1742729_noindex
guyana,Rosignol,nouvelle-aquitaine,gout-rossignol_1484468_noindex
solomon-islands,Auki,schleswig-holstein,aukrug_1334086_noindex
solomon-islands,Kirakira,istanbul,karakiraz_2794509_noindex
bhutan,Tsirang,auvergne-rhone-alpes,tiranges_1525218_noindex
bhutan,Samtse,mecklenburg-vorpommern,samtens_1323163_noindex
macau,Macau,macau-region,restaurants
macau,Macau,selection,macao
luxembourg,Luxembourg,selection,luxembourg
luxembourg,Luxembourg,be-luxembourg,restaurants
luxembourg,Luxembourg,grevenmacher,restaurants
luxembourg,Esch-sur-Alzette,luxembourg,esch-sur-alzette
luxembourg,Esch-sur-Alzette,luxembourg,dudelange
luxembourg,Esch-sur-Alzette,luxembourg,kayl
luxembourg,Esch-sur-Alzette,luxembourg,frisange
luxembourg,Esch-sur-Alzette,luxembourg,roeser
luxembourg,Dudelange,luxembourg,dudelange
luxembourg,Schifflange,luxembourg,schifflange_1987758
luxembourg,Bettembourg,region,bettembourg_1987214_noindex
luxembourg,Petange,region,petange_1987698_noindex
luxembourg,Ettelbruck,region,ettelbruck_1987368_noindex
luxembourg,Diekirch,diekirch,restaurants
luxembourg,Strassen,luxembourg,strassen
luxembourg,Strassen,tirol,strassen_1046431_noindex
luxembourg,Bertrange,luxembourg,bertrange
luxembourg,Bertrange,grand-est,bertrange_1538181_noindex
montenegro,Herceg-Novi,region,khertseg-novi_2113308_noindex
montenegro,Budva,central-hungary,budapest
montenegro,Budva,pest,budaors
montenegro,Bar,baranya,restaurants
montenegro,Bar,osijek-baranja,restaurants
montenegro,Berane,bern-region,restaurants
suriname,Lelydorp,region,lewedorp_2215381_noindex
suriname,Nieuw Amsterdam,region,nieuw-amsterdam_2214123_noindex
suriname,Albina,lombardia,albino_1802738_noindex
suriname,Groningen,groningen,restaurants
suriname,Onverwacht,schwyz,oberwacht_3351852_noindex
suriname,Totness,nordrhein-westfalen,essen
suriname,Totness,baden-wurttemberg,esslingen-am-neckar
suriname,Totness,essex,harwich
suriname,Totness,essex,colchester
suriname,Totness,essex,epping
malta,Birkirkara,region,birkirkara_2108979_noindex
malta,Qormi,region,hal-qormi_2109095_noindex
malta,Qormi,piemonte,pozzolo-formigaro
malta,Zabbar,region,haz-zabbar_2108997_noindex
malta,San Pawl il-Bahar,campania,limatola_1849192
malta,San Pawl il-Bahar,piemonte,casale-monferrato
malta,San Pawl il-Bahar,district-of-columbia,washington-dc
malta,San Pawl il-Bahar,chiang-mai-region,chiang-mai
malta,Saint John,jersey,saint-john_1751251_noindex
malta,Fgura,region,il-fgura_2109004_noindex
malta,Fgura,braga-region,pedra-furada
malta,Zejtun,region,iz-zejtun_2109037_noindex
malta,Sliema,malta-northern-region,sliema
malta,Haz-Zebbug,region,haz-zebbug_2108998_noindex
maldives,Male,selection,malaysia
maldives,Male,kuala-lumpur-region,restaurants
maldives,Male,pulau-pinang,restaurants
maldives,Thinadhoo,grand-est,thionville
maldives,Thinadhoo,auvergne-rhone-alpes,thiers
maldives,Viligili,vilnius-region,restaurants
maldives,Viligili,basel-stadt,restaurants
cape-verde,Praia,campania,praiano
cape-verde,Praia,lisboa-region,praia-do-guincho
cape-verde,Mindelo,portugal-continental,mindelo_2421290_noindex
cape-verde,Santa Maria,andalucia,el-puerto-de-santa-maria
cape-verde,Santa Maria,piemonte,santa-maria-maggiore
cape-verde,Santa Maria,lombardia,santa-maria-della-versa
cape-verde,Santa Maria,campania,santa-maria-di-castellabate
cape-verde,Santa Cruz,california,santa-cruz
cape-verde,Santa Cruz,canarias,santa-cruz-de-tenerife
cape-verde,Santa Cruz,canarias,es-arona
cape-verde,Santa Cruz,canarias,puerto-de-la-cruz
cape-verde,Santa Cruz,canarias,icod-de-los-vinos
cape-verde,Pedra Badejo,extremadura,san-pedro-de-merida_1448091_noindex
cape-verde,Assomada,islas-canarias,la-asomada_3692380_noindex
cape-verde,Tarrafal,lshrq@,-umw-ltarfa@_1022253_noindex
cape-verde,Espargos,occitanie,esparros_1492801_noindex
brunei,Seria,lombardia,seriate_1809729_noindex
brunei,Bangar,bangkok-region,restaurants
belize,Orange Walk,california,us-orange
belize,Orange Walk,provence-alpes-cote-dazur,orange
belize,San Pedro,region-de-murcia,san-pedro-del-pinatar
bahamas,Nassau,rheinland-pfalz,nassau_1331834_noindex
bahamas,West End,west-vlaanderen,westende
bahamas,West End,england,west-end_1752379_noindex
bahamas,San Andros,galicia,san-andres-de-camporredondo
bahamas,George Town,pulau-pinang,my-george-town
bahamas,Marsh Harbour,california,san-luis-obispo
bahamas,Marsh Harbour,lancashire,thornton
bahamas,Marsh Harbour,warwickshire,moreton-in-marsh
bahamas,High Rock,somerset,bruton
bahamas,High Rock,surrey,esher_1753740
bahamas,High Rock,devon,totnes
bahamas,High Rock,denbighshire,prestatyn_1729849
bahamas,High Rock,gwynedd,barmouth_1725470
bahamas,Clarence Town,nouvelle-aquitaine,tonnay-charente_1472746_noindex
iceland,Reykjavik,capital-region-iceland,reykjavik
iceland,Kopavogur,region,kopavogur_1948288_noindex
iceland,Hafnarfjoerdur,region,hafnarfjordur_1947110_noindex
iceland,Gardabaer,region,gardabaer_1946831_noindex
iceland,Mosfellsbaer,region,mosfellsbaer_1948793_noindex
iceland,Akranes,region,akranes_1945810_noindex
guadeloupe,Petit-Bourg,nouvelle-aquitaine,petit-bourg_3747744_noindex
guadeloupe,Sainte-Anne,bretagne,sainte-anne-d-auray
guadeloupe,Sainte-Anne,bretagne,sainte-anne-la-palud
guadeloupe,Sainte-Anne,guernsey,saint-anne_1751210_noindex
guadeloupe,Le Moule,occitanie,moulezan_1503361_noindex
martinique,Le Robert,lazio,roma
martinique,Le Robert,zuid-holland,rotterdam
martinique,Le Robert,auvergne-rhone-alpes,lyon
martinique,Le Robert,provence-alpes-cote-dazur,marseille
martinique,Le Robert,glasgow-city,glasgow
martinique,Sainte-Marie,provence-alpes-cote-dazur,moustiers-sainte-marie
martinique,Sainte-Marie,nouvelle-aquitaine,sainte-marie-de-r
martinique,Sainte-Marie,grand-est,pont-sainte-marie
martinique,Le Francois,california,san-francisco
martinique,Le Francois,hessen,frankfurt-am-main
martinique,Le Francois,florida,miami
martinique,Le Francois,antwerpen,be-antwerpen
martinique,Le Francois,ile-de-france,paris
martinique,Ducos,bourgogne-franche-comte,ferme-d-ecosse_3680622_noindex
martinique,La Trinite,bretagne,la-trinit-sur-mer
vanuatu,Port-Vila,ile-de-france,port-villez_1553235_noindex
vanuatu,Luganville,georgia,loganville_2884232_noindex
vanuatu,Luganville,grand-est,lunville
vanuatu,Sola,region,sola_2260465_noindex
vanuatu,Lakatoro,budapest,lakatos-lakotelep_4048062_noindex
mayotte,Tsingoni,auvergne-rhone-alpes,tintoniere_3194950_noindex
french-guiana,Cayenne,bourgogne-franche-comte,cayenne_3809109_noindex
french-guiana,Saint-Laurent-du-Maroni,provence-alpes-cote-d-azur,saint-laurent-du-var_1508383_noindex
french-guiana,Macouria,puglia,manduria
new-caledonia,Mont-Dore,occitanie,montpellier
new-caledonia,Mont-Dore,california,el-monte
new-caledonia,Mont-Dore,nouvelle-aquitaine,mont-de-marsan
new-caledonia,Mont-Dore,occitanie,montauban
new-caledonia,Mont-Dore,primorje-gorski-kotar,rijeka
new-caledonia,Dumbea,scotland,dumbarton_1721249_noindex
new-caledonia,We,nordrhein-westfalen,restaurants
new-caledonia,We,west-vlaanderen,restaurants
new-caledonia,We,west-midlands,restaurants
new-caledonia,Tadine,umbria,gualdo-tadino_1836296_noindex
barbados,Bathsheba,vlaams-gewest,batsheers_1062334_noindex
barbados,Holetown,colorado,hometown_3265375_noindex
french-polynesia,Faaa,normandie,falaise
french-polynesia,Faaa,friuli-venezia-giulia,fagagna
french-polynesia,Faaa,abruzzo,fara-filiorum-petri
french-polynesia,Papeete,nouvelle-aquitaine,la-papeterie_3539100_noindex
french-polynesia,Punaauia,portugal-continental,santa-marta-de-penaguiao_2424226_noindex
french-polynesia,Pirae,attike,peiraias_1769232_noindex
french-polynesia,Pirae,occitanie,tarbes
french-polynesia,Paea,zuid-holland,den-haag
french-polynesia,Paea,noord-holland,amsterdam
french-polynesia,Paea,zuid-holland,rotterdam
french-polynesia,Paea,california,pasadena
french-polynesia,Arue,nouvelle-aquitaine,arue_1482254_noindex
french-polynesia,Arue,seoul-capital-area,kr-seoul
french-polynesia,Arue,toscana,arezzo
french-polynesia,Arue,grand-est,charleville-mzires
sao-tome-and-principe,Santo Antonio,faro-region,vila-real-de-santo-antonio
sao-tome-and-principe,Santo Antonio,ao-men-,hua-wang-tang-qu-_2091674_noindex
samoa,Mulifanua,auvergne-rhone-alpes,saint-genest-malifaux_1524404_noindex
samoa,Safotu,auvergne-rhone-alpes,la-safourniere_3321513_noindex
samoa,Vailoa,occitanie,vailhan
samoa,Vailoa,lombardia,vailate_1810290_noindex
samoa,Samamea,sao-paulo,parque-residencial-samambaia_1138856_noindex
curacao,Willemstad,noord-brabant,nl-willemstad
curacao,Willemstad,berlin,wilhelmstadt_1324652_noindex
curacao,Sint Michiel Liber,west-vlaanderen,sint-michiels
curacao,Sint Michiel Liber,vlaams-gewest,sint-elisabethbegijnhof-prinsenhof-papegaai-sint-michiels_3658069_noindex
saint-lucia,Castries,occitanie,fr-castries
saint-lucia,Castries,occitanie,la-vacquerie-et-saint-martin-de-castries_1502152_noindex
saint-lucia,Castries,occitanie,castres
saint-lucia,Bisee,puglia,bisceglie
saint-lucia,Vieux Fort,hauts-de-france,maison-forestiere-de-vieux-moulin_3773407_noindex
saint-lucia,Micoud,auvergne-rhone-alpes,le-micoud_3333460_noindex
saint-lucia,Soufriere,auvergne-rhone-alpes,sourier_4017864_noindex
saint-lucia,Dennery,normandie,dannery_1555262_noindex
saint-lucia,Anse La Raye,pays-de-la-loire,asse-le-berenger_1570295_noindex
saint-lucia,Laborie,occitanie,laborie_3032224_noindex
saint-lucia,Choiseul,grand-est,choiseul_1538958_noindex
guam,Yigo Village,england,vigo-village_1755842_noindex
guam,Tamuning,auvergne-rhone-alpes,taninges_1515799_noindex
guam,Barrigada Village,region-de-murcia,barriada-de-villalba_3436292_noindex
guam,Chalan Pago-Ordot Village,bourgogne-franche-comte,chalon-sur-sane
guam,Chalan Pago-Ordot Village,bourgogne-franche-comte,courlans
seychelles,Victoria,cantabria,ramales-de-la-victoria
seychelles,Bel Ombre,provence-alpes-cote-d-azur,bel-ombre_3055763_noindex
seychelles,Beau Vallon,auvergne-rhone-alpes,beauvallon_1509433_noindex
seychelles,Cascade,nouvelle-aquitaine,gimel-les-cascades_1476926_noindex
seychelles,Port Glaud,pays-de-la-loire,port-gaud_3360620_noindex
grenada,Saint George's,pays-de-la-loire,saint-georges-de-montaigu
grenada,Saint George's,bourgogne-franche-comte,nuits-saint-georges
grenada,Saint George's,auvergne-rhone-alpes,saint-georges-de-reneins
grenada,Saint George's,liege,saint-georges-sur-meuse
grenada,Saint George's,centre-val-de-loire,saint-georges-sur-cher
grenada,Grenville,normandie,granville
grenada,Victoria,cantabria,ramales-de-la-victoria
grenada,Saint David's,pembrokeshire,st-davids
grenada,Sauteurs,saint-saviour,st-saviour
grenada,Sauteurs,nouvelle-aquitaine,sauternes
grenada,Sauteurs,occitanie,luz-saint-sauveur
grenada,Sauteurs,provence-alpes-cote-d-azur,saint-sauveur-sur-tinee_1508488_noindex
grenada,Hillsborough,northern-ireland,hillsborough_1738238_noindex
micronesia,Colonia,selection,poland
micronesia,Colonia,lesser-poland,restaurants
micronesia,Colonia,masovia,restaurants
micronesia,Kolonia,selection,poland
micronesia,Kolonia,lesser-poland,restaurants
micronesia,Kolonia,masovia,restaurants
micronesia,Kolonia Town,selection,poland
micronesia,Kolonia Town,lesser-poland,restaurants
micronesia,Kolonia Town,masovia,restaurants
aruba,San Nicolas,campania,san-nicola-manfredi
aruba,San Nicolas,nuevo-leon,san-nicolas-de-los-garza_2042868_noindex
aruba,Santa Cruz,california,santa-cruz
aruba,Santa Cruz,canarias,santa-cruz-de-tenerife
aruba,Santa Cruz,canarias,es-arona
aruba,Santa Cruz,canarias,puerto-de-la-cruz
aruba,Santa Cruz,canarias,icod-de-los-vinos
aruba,Paradera,portugal-continental,paradela-de-guiaes_2422182_noindex
jersey,Saint Helier,saint-helier,restaurants
saint-vincent-and-the-grenadines,Kingstown,kingston-upon-hull-region,restaurants
saint-vincent-and-the-grenadines,Georgetown,pulau-pinang,my-george-town
antigua-and-barbuda,Saint John's,jersey,saint-john_1751251_noindex
antigua-and-barbuda,Piggotts,england,abington-pigotts_1731543_noindex
antigua-and-barbuda,Bolands,pays-de-la-loire,boland_3641764_noindex
antigua-and-barbuda,Codrington,england,coddington_1732424_noindex
antigua-and-barbuda,Parham,england,parham_1734695_noindex
antigua-and-barbuda,Falmouth,cornwall,falmouth
united-states-virgin-islands,Saint Croix,vaud,sainte-croix_1156989_noindex
isle-of-man,Douglas,georgia,douglasville_2884174_noindex
isle-of-man,Ramsey,england,ramsey_1734846_noindex
isle-of-man,Peel,region,peelo_2214366_noindex
isle-of-man,Castletown,region,castletown_1905514_noindex
isle-of-man,Laxey,pays-de-la-loire,restaurants
isle-of-man,Laxey,lazio,restaurants
isle-of-man,Laxey,marche,restaurants
andorra,Andorra la Vella,andorra-la-vella-region,andorra-la-vella
andorra,les Escaldes,occitanie,angoustrine-villeneuve-des-escaldes_1500622_noindex
andorra,Encamp,bourgogne-franche-comte,escamps_1528290_noindex
andorra,Sant Julia de Loria,catalunya,sant-julia-de-ramis
andorra,Sant Julia de Loria,catalunya,sant-julia-de-vilatorta
andorra,Sant Julia de Loria,friuli-venezia-giulia,paradiso-di-pocenia
andorra,Sant Julia de Loria,friuli-venezia-giulia,porcia
andorra,la Massana,comunidad-valenciana,massanassa_1388111_noindex
andorra,Canillo,hauts-de-france,catillon-fumechon_1545499_noindex
andorra,Ordino,schleswig-holstein,sankt-peter-ording
andorra,Ordino,be-limburg,ordingen
andorra,Ordino,lombardia,orino_1807907_noindex
cayman-islands,George Town,pulau-pinang,my-george-town
cayman-islands,North Side,illinois,near-north-side_2889443_noindex
dominica,Portsmouth,portsmouth-region,portsmouth-and-southsea
dominica,Berekua,lombardia,bereguardo_1803167_noindex
dominica,Wesley,florida,wesley-chapel_2883190_noindex
dominica,Soufriere,occitanie,la-souliere_3235878_noindex
dominica,Pointe Michel,campania,ponte-san-michele_1850018_noindex
dominica,Rosalie,bretagne,rosalie_3313663_noindex
dominica,Pont Casse,nouvelle-aquitaine,pont-du-casse_1488644_noindex
dominica,Pont Casse,viana-do-castelo-region,ponte-de-lima
bermuda,Hamilton,ontario,hamilton_1245140
bermuda,Hamilton,scotland,hamilton_1722078_noindex
greenland,Nuuk,region,vanha-nuuksio_1644739_noindex
greenland,Nuuk,nordrhein-westfalen,neukirchen-vluyn
faroe-islands,Torshavn,faroe-islands,torshavn
faroe-islands,Torshavn,region,torshov_2233776_noindex
faroe-islands,Klaksvik,foroyar,klaksvik_3343172_noindex
faroe-islands,Fuglafjordur,foroyar,fuglafjordur_3754130_noindex
faroe-islands,Midvagur,foroyar,midvagur_3322306_noindex
faroe-islands,Sandur,foroyar,sandur_3053188_noindex
faroe-islands,Sandur,veneto,sandrigo
faroe-islands,Sandur,sardegna,sanluri
faroe-islands,Sandur,catalunya,sant-sadurni-d-anoia
saint-kitts-and-nevis,Basseterre,nouvelle-aquitaine,basse-terre_4032023_noindex
saint-kitts-and-nevis,Market Shop,region,zhong-li-qing-guo-shang-quan-_3811312_noindex
saint-kitts-and-nevis,Saint Paul's,nouvelle-aquitaine,saint-paul-ls-dax
saint-kitts-and-nevis,Saint Paul's,provence-alpes-cote-dazur,saint-paul-de-vence
saint-kitts-and-nevis,Saint Paul's,auvergne-rhone-alpes,saint-paul-en-jarez
saint-kitts-and-nevis,Trinity,jersey,trinity_1752113_noindex
saint-kitts-and-nevis,Charlestown,scotland,charlestown-of-aberlour_1720555_noindex
saint-kitts-and-nevis,Sandy Point Town,devon,berrynarbor
american-samoa,Pago Pago,region,pag_1781630_noindex
american-samoa,Ta`u,california,us-los-angeles
american-samoa,Ta`u,california,west-hollywood
american-samoa,Ta`u,california,us-orange
american-samoa,Ta`u,california,us-san-diego
american-samoa,Ta`u,uusimaa,helsinki
northern-mariana-islands,Saipan,lombardia,rodengo-saiano
northern-mariana-islands,Saipan,bourgogne-franche-comte,sampans
northern-mariana-islands,San Jose Village,california,san-jose
sint-maarten,Cul de Sac,bourgogne-franche-comte,le-cul-de-sac_3550051_noindex
sint-maarten,Lower Prince's Quarter,niedersachsen,cuxhaven
sint-maarten,Lower Prince's Quarter,bangkok-region,bangkok
sint-maarten,Lower Prince's Quarter,greater-london,london
sint-maarten,Lower Prince's Quarter,galway,galway
sint-maarten,Lower Prince's Quarter,dublin,dublin
liechtenstein,Schaan,region,schaan_1152500_noindex
liechtenstein,Schaan,bruxelles-capitale,schaerbeek
liechtenstein,Schaan,bayern,wernberg-kblitz
liechtenstein,Vaduz,liechtenstein-region,vaduz
liechtenstein,Triesen,region,triesen_1153065_noindex
liechtenstein,Triesen,bayern,triefenstein
liechtenstein,Balzers,region,balzers_1148924_noindex
liechtenstein,Eschen,sankt-gallen-region,eschenbach
liechtenstein,Eschen,region,eschen_1149774_noindex
liechtenstein,Mauren,pays-de-la-loire,maulvrier
liechtenstein,Mauren,ile-de-france,maule
liechtenstein,Mauren,piemonte,san-maurizio-canavese
liechtenstein,Mauren,centre-val-de-loire,sainte-maure-de-touraine
liechtenstein,Triesenberg,region,triesenberg_1153066_noindex
liechtenstein,Ruggell,region,ruggell_1152331_noindex
liechtenstein,Gamprin,region,gamprin_1149992_noindex
liechtenstein,Schellenberg,liechtenstein-region,schellenberg
liechtenstein,Schellenberg,rheinland-pfalz,hellenhahn-schellenberg_1330561_noindex
british-virgin-islands,Road Town,region,zhong-shan-bei-lu-tiao-tong-shang-quan-_4022669_noindex
gibraltar,Gibraltar,gibraltar,gibraltar_1447184_noindex
monaco,Monaco,monaco-region,restaurants
monaco,Monte-Carlo,toscana,montecarlo
monaco,La Condamine,auvergne-rhone-alpes,condamine_1510351_noindex
marshall-islands,Majuro,emilia-romagna,san-mauro-a-mare
marshall-islands,Majuro,piemonte,san-mauro-torinese_1800398_noindex
marshall-islands,Ebaye,hauts-de-france,ebalet_1551111_noindex
marshall-islands,Arno,provence-alpes-cote-dazur,chteau-arnoux
marshall-islands,Arno,toscana,montopoli-in-val-d-arno
marshall-islands,Arno,toscana,santa-croce-sull-arno_1831428_noindex
marshall-islands,Wotje,worcestershire,restaurants
marshall-islands,Mili,nouvelle-aquitaine,saint-milion
san-marino,Serravalle,selection,serbia
san-marino,Serravalle,belgrade-region,restaurants
san-marino,Serravalle,syrmia,restaurants
san-marino,Borgo Maggiore,region,borgo-maggiore_2562348_noindex
san-marino,San Marino,san-marino-region,san-marino
san-marino,San Marino,abruzzo,san-salvo-marina
san-marino,San Marino,abruzzo,marina-di-san-vito
san-marino,San Marino,california,san-marino_2880237_noindex
san-marino,Domagnano,region,domagnano_2562352_noindex
san-marino,Domagnano,veneto,romagnano
san-marino,Fiorentino,toscana,sesto-fiorentino_1831823_noindex
san-marino,Acquaviva,puglia,acquaviva-delle-fonti_1851253_noindex
san-marino,Faetano,region,faetano_2562353_noindex
san-marino,Poggio di Chiesanuova,toscana,montalcino
san-marino,Poggio di Chiesanuova,toscana,san-donato-in-poggio
san-marino,Poggio di Chiesanuova,lombardia,poggiridenti
san-marino,Poggio di Chiesanuova,toscana,castelnuovo-berardenga
san-marino,Monte Giardino,region,montegiardino_2562358_noindex
palau,Koror,west-vlaanderen,kortrijk
palau,Koror,komarom-esztergom,esztergom
palau,Koror,west-vlaanderen,waregem
palau,Koror,colorado,denver_1261491
palau,Mengellang,saarland,engelfangen_1329877_noindex
palau,Ngardmau,nouvelle-aquitaine,gardeau_3479791_noindex
anguilla,The Valley,california,silicon-valley_7770319
anguilla,The Valley,california,mill-valley
anguilla,The Valley,valle-d-aosta,aosta
anguilla,The Valley,california,napa-sonoma-valleys_7770317
anguilla,The Valley,valle-d-aosta,cogne
anguilla,Sandy Ground Village,devon,berrynarbor
nauru,Baiti,british-columbia,ca-vancouver
nauru,Baiti,cork,ie-baltimore
nauru,Baiti,british-columbia,burnaby_1145764_noindex
nauru,Anabar,selection,china-mainland
nauru,Anabar,shanghai-municipality,restaurants
nauru,Anabar,guangdong-province,restaurants
nauru,Uaboe,schleswig-holstein,laboe_1338270_noindex
wallis-and-futuna,Leava,pays-de-la-loire,fr-laval
wallis-and-futuna,Leava,provence-alpes-cote-dazur,le-lavandou
wallis-and-futuna,Leava,auvergne-rhone-alpes,lavaudieu
wallis-and-futuna,Leava,liguria,sestri-levante
wallis-and-futuna,Leava,trentino-alto-adige,nova-levante
wallis-and-futuna,Alo,oost-vlaanderen,aalst
wallis-and-futuna,Alo,oost-vlaanderen,geraardsbergen
saint-barthelemy,Gustavia,ciudad-de-mexico,gustavo-a.-madero_1996789_noindex
tuvalu,Savave Village,oslo-region,oslo
tuvalu,Savave Village,bruxelles-capitale,ixelles
saint-pierre-and-miquelon,Saint-Pierre,bruxelles-capitale,woluwe-saint-pierre
saint-pierre-and-miquelon,Saint-Pierre,valle-d-aosta,saint-pierre
saint-pierre-and-miquelon,Saint-Pierre,nouvelle-aquitaine,saint-pierre-d-olron
saint-pierre-and-miquelon,Saint-Pierre,bretagne,st-pierre-quiberon
saint-pierre-and-miquelon,Miquelon,cataluna,sant-miquel-d-olerdola_1438748_noindex
montserrat,Brades,dorset,burton-bradstock
falkland-islands,Stanley,england,stanley_1742883_noindex
niue,Alofi,piemonte,magliano-alfieri
